trial,target_x,target_z,outcome,failure_reason,final_error_m
0,0.308,0.374,success,,0.0008
1,0.473,0.336,success,,0.0015
2,0.328,0.385,success,,0.0008
3,0.215,0.355,success,,0.0005
4,0.719,0.661,fail,unreachable,
5,0.182,0.474,success,,0.0003
6,0.393,0.167,success,,0.0014
7,0.494,0.536,success,,0.0015
8,0.379,0.396,success,,0.001
9,0.806,0.612,fail,unreachable,
10,0.217,0.247,success,,0.0007
11,0.161,0.336,success,,0.0005
12,0.304,0.487,success,,0.0006
13,0.332,0.406,success,,0.0008
14,0.791,0.656,fail,unreachable,
15,0.499,0.548,success,,0.0015
16,0.444,0.433,success,,0.0013
17,0.26,0.242,success,,0.0008
18,0.251,0.178,success,,0.0009
19,0.869,0.677,fail,unreachable,
20,0.485,0.489,success,,0.0015
21,0.15,0.234,success,,0.0006
22,0.469,0.338,success,,0.0015
23,0.493,0.309,success,,0.0017
24,0.856,0.654,fail,unreachable,
25,0.181,0.283,success,,0.0006
26,0.487,0.453,success,,0.0015
27,0.191,0.249,success,,0.0006
28,0.185,0.174,success,,0.0007
29,0.812,0.689,fail,unreachable,
